postal_codes,coordinates
T2V 1M4," 50.967013,-114.084990"
T2V 2G9," 50.989524,-114.074253"
T2T 4L7," 51.013395,-114.101767"
T2G 1M1," 51.036103,-114.038056"
T3H 5Y7," 51.044200,-114.216072"
T3K 5R2," 51.171544,-114.046531"
T3J 3X7," 51.121845,-113.965654"
T2Y 4Z4," 50.908350,-114.124899"
T2W 2T6," 50.952986,-114.086731"
T3L 2M1," 51.118802,-114.261290"
T2N 1Z8," 51.055203,-114.094886"
T2C 0S9," 50.988974,-114.008638"
T3E 6S4," 51.012788,-114.162763"
T3L 2M2," 51.132739,-114.239522"
T2Z 5B3," 50.916939,-113.916353"
T2Z 0M9," 50.922932,-113.964139"
T3M 1N7," 50.904309,-113.923056"
T2Z 2J4," 50.943580,-114.008417"
T3M 0R9," 50.892676,-113.960322"
T2S 3B6," 51.031187,-114.062424"
T3N 0Y6," 51.16284,-113.958402"
T2X 0P5," 50.871520,-114.035911"
T2X 2A6," 50.867983,-114.033966"
T2Y 2V4," 50.922125,-114.088415"
T2G 5S8," 51.040758,-114.020471"
T2B 3V2," 51.016308,-113.980777"
T2N 4H1," 51.073093,-114.133841"
T3E 6A6," 50.995778,-114.134675"
T2Z 5C9," 50.914381,-113.919086"
T2P 1P1," 51.053352,-114.067690"
T3K 1N2," 51.130623,-114.066406"
T3H 2W9," 51.017288,-114.180759"
T3A 5S8," 51.146478,-114.126795"
T2W 1K1," 50.948113,-114.075587"
T2M 4V2," 51.081630,-114.068707"
T3G 0G8," 51.143104,-114.230622"
T1Y 5N7," 51.092397,-113.938410"
T2J 3C2," 50.933993,-114.045700"
T3R 1L6," 51.155438,-114.127635"
T3L 2B1," 51.124145,-114.215137"
T3P 0R7," 51.182219,-114.104044"
T2M 2R9," 51.060400,-114.065192"
T3K 0K8," 51.164296,-114.090914"
T3C 3J7," 51.053177,-114.155443"
T2X 0J3," 50.887796,-114.080654"
T2S 0X1," 51.019540,-114.070252"
T3M 0R3," 50.899889,-113.956376"
T3G 5A3," 51.137345,-114.201242"
T3P 0G7," 51.176052,-114.114471"
T3C 3X6," 51.043041,-114.136273"
T3H 3T1," 51.024838,-114.178554"
T2A 6M2," 51.055757,-113.931872"
T3H 2B5," 51.025767,-114.165927"
T3H 1L2," 51.046121,-114.167183"
T3A 5W3," 51.151461,-114.121145"
T2T 5H5," 51.034751,-114.115945"
T3E 5B8," 51.011431,-114.156113"
T2E 3W8," 51.057837,-114.050386"
T3L 0C6," 51.110885,-114.254562"
T2E 3W3," 51.059309,-114.051518"
T2Z 0B3," 50.923302,-113.963169"
T2W 1C5," 50.951945,-114.102048"
T3J 0N4," 51.125783,-113.933864"
T2W 2P2," 50.935104,-114.083123"
T2P 1J3," 51.048009,-114.087792"
T3A 6C8," 51.149006,-114.128294"
T2T 2A9," 51.023307,-114.096414"
T3M 1H4," 50.891928,-113.990150"
T3H 4W7," 51.069687,-114.213919"
T3H 0A8," 51.034962,-114.224323"
T3P 0B8," 51.166958,-114.118755"
T2A 4E3," 51.048637,-113.953721"
T2T 1S6," 51.025716,-114.101110"
T3H 3N6," 51.072253,-114.187769"
T3G 4G3," 51.145277,-114.178387"
T2X 4C8," 50.867024,-114.020942"
T2T 4A4," 51.022963,-114.097774"
T2L 1T7," 51.100019,-114.131972"
T3G 4W1," 51.146606,-114.181510"
T2B 0K6," 51.024275,-113.994230"
T3A 6C3," 51.139065,-114.132343"
T3A 2V9," 51.086239,-114.160165"
T2T 2T6," 51.010500,-114.107872"
T3B 4W4," 51.062454,-114.147909"
T2E 1C3," 51.064336,-114.054458"
T3A 6A3," 51.141573,-114.144644"
T3L 2W3," 51.111142,-114.240248"
T2N 4Y7," 51.065199,-114.101107"
T2E 6H1," 51.070244,-114.018238"
T2J 3Z7," 50.938164,-114.057778"
T1Y 4M7," 51.074326,-113.978896"
O0O 0O0,None
T2A 6H4," 51.057307,-113.927215"
T3M 1X4," 50.899663,-113.926822"
T2J 6B7," 50.923123,-114.009892"
T3M 0T5," 50.902566,-113.940712"
T2J 6N3," 50.927380,-114.026499"
T3K 5C9," 51.144066,-114.075386"
T3A 6J8," 51.157476,-114.095200"
T3P 0G1," 51.172122,-114.130661"
T3H 0S5," 51.075024,-114.213022"
T2W 2M6," 50.935585,-114.078565"
T3G 5Z6," 51.147750,-114.244476"
T2T 0H1," 51.037051,-114.083061"
T3M 2L6," 50.902969,-113.930577"
T2J 5L7," 50.916135,-114.005589"
T2X 0W5," 50.861635,-114.015698"
T3H 4K7," 51.033851,-114.181888"
T3M 1E7," 50.885662,-113.987821"
T3L 0A3," 51.124340,-114.234679"
T2T 1C4," 51.030320,-114.096028"
T3E 6H5," 50.993753,-114.128843"
T1Y 2Z7," 51.090695,-113.960442"
T3H 3V2," 51.017129,-114.197365"
T3K 4R9," 51.149610,-114.076515"
T2E 4H1," 51.056737,-114.042978"
T2R 0K3," 51.040560,-114.070191"
T3E 5Y7," 51.002558,-114.139751"
T3K 5S8," 51.170184,-114.047104"
T2Z 0B8," 50.908371,-113.962956"
T3H 3J9," 51.064904,-114.185630"
T2N 1E4," 51.060173,-114.112787"
T2P 4Z9," 51.051556,-114.079021"
T3G 6A9," 51.149749,-114.214259"
T3C 2L1," 51.040187,-114.107421"
T2E 4R7," 51.054481,-114.032673"
T2N 0K4," 51.055460,-114.109627"
T1Y 4V2," 51.089552,-113.943228"
T2J 0T3," 50.969407,-114.066830"
T2X 3R3," 50.886148,-114.046509"
T2A 6G8," 51.050592,-113.979091"
T2L 2L5," 51.086419,-114.129078"
T2X 1K9," 50.911658,-114.044270"
T3C 1B2," 51.050463,-114.136544"
T2J 1A8," 50.966801,-114.046297"
T2T 3B4," 51.022593,-114.085243"
T3N 0T9," 51.173064,-113.965018"
T2Z 2T2," 50.937592,-113.980432"
T3C 0X9," 51.039623,-114.096081"
T2J 0B8," 50.962254,-114.048045"
T2Y 5J7," 50.909091,-114.115691"
T3A 4W3," 51.096777,-114.153808"
T2V 4G4," 50.968568,-114.137228"
T3G 4C9," 51.128579,-114.176728"
T2T 4S4," 51.032365,-114.103250"
T3E 1V9," 51.032489,-114.119539"
T2K 2H8," 51.095126,-114.086517"
T3M 2N4," 50.893816,-113.921005"
T2N 3R7," 51.052625,-114.110023"
T3H 4T9," 51.036813,-114.183693"
T3H 4N1," 51.028062,-114.185311"
T3R 0M7," 51.174353,-114.159923"
T2Y 5A5," 50.919343,-114.125111"
T2G 0C7," 51.041842,-114.053965"
T2K 2C3," 51.091066,-114.084658"
T2E 0K9," 51.057448,-114.056319"
T3G 1Z3," 51.128824,-114.189112"
T2X 2C8," 50.855692,-114.020512"
T2B 2N9," 51.028934,-113.966115"
T3E 8A9," 51.015855,-114.129137"
T2H 1C2," 50.984446,-114.055455"
T3M 0L1," 50.898443,-113.959180"
T3P 1J4," 51.182074,-114.109928"
T3H 4S1," 51.048395,-114.189750"
T3M 3B1," 50.877280,-113.946532"
T3B 4Y6," 51.115063,-114.190455"
T2Y 0B8," 50.920461,-114.106094"
T3J 1A9," 51.098105,-113.937748"
T3C 2R3," 51.050429,-114.161894"
T2Z 1B6," 50.927628,-113.957480"
T3K 2M7," 51.153252,-114.045894"
T1Y 3S5," 51.093205,-113.959714"
T2L 1X4," 51.104532,-114.132052"
T3J 3V6," 51.111350,-113.931374"
T3J 5N3," 51.138849,-113.941312"
T2J 1J5," 50.958925,-114.065557"
T3H 1E5," 51.060501,-114.187710"
T2N 2K4," 51.062475,-114.107586"
T3H 4L7," 51.054876,-114.204408"
T2J 7G4," 50.944156,-114.067644"
T2C 1S3," 50.993520,-114.019427"
T2T 4A9," 51.017652,-114.097403"
T3B 6A1," 51.099842,-114.260934"
T2V 0V8," 50.977639,-114.079247"
T3K 4T9," 51.150021,-114.062271"
T2K 5H5," 51.121169,-114.082443"
T3B 4N3," 51.105837,-114.186488"
T3K 4N4," 51.148439,-114.077955"
T2G 0B5," 51.038889,-114.060034"
T3J 0A1," 51.121861,-113.933914"
T3G 2T7," 51.127664,-114.163117"
T2N 3E1," 51.053194,-114.082365"
T3G 1V6," 51.121229,-114.179420"
T2V 2L4," 50.984578,-114.076215"
T3N 1T2," 51.165137,-113.956616"
T2J 1R7," 50.955304,-114.042492"
T3H 1G4," 51.051796,-114.175292"
T3H 0K9," 51.062976,-114.213666"
T2K 0X9," 51.082493,-114.066481"
T2R 1A7," 51.038756,-114.079104"
T1Y 3A5," 51.078166,-113.953911"
T2C 4C4," 50.969730,-114.016420"
T2Y 3C3," 50.900680,-114.078302"
T2P 5E2," 51.052123,-114.079075"
T2S 1Z5," 51.023757,-114.072666"
T2P 0V2," 51.049967,-114.080572"
T2Y 0H1," 50.910217,-114.121167"
T3A 2H9," 51.116430,-114.148646"
T2N 0K7," 51.055222,-114.111761"
T2L 1H5," 51.088254,-114.125485"
T3E 7R6," 51.004095,-114.126767"
T2X 3K4," 50.888038,-114.023171"
T2A 6H3," 51.058987,-113.926489"
T3H 5Y1," 51.036619,-114.212967"
T3B 5B7," 51.058832,-114.143128"
T3E 1J8," 51.007602,-114.110434"
T2J 3J8," 50.929957,-114.043616"
T2Z 4Z5," 50.907008,-113.963403"
T2J 1B8," 50.965170,-114.047202"
T1Y 6K5," 51.079908,-113.925520"
T3A 4Y2," 51.097431,-114.162862"
T2Z 0S1," 50.907383,-113.955273"
T2W 3Z6," 50.952003,-114.129561"
T2N 0R9," 51.057190,-114.090989"
T2X 4G3," 50.864126,-114.008599"
T2L 1B4," 51.098292,-114.121612"
T3G 6G6," 51.080271,-114.147203"
T2Y 4J2," 50.895959,-114.069046"
T3E 2Z8," 51.030792,-114.139551"
T3H 5W5," 51.059184,-114.192478"
T3M 2S6," 50.892778,-113.945354"
T2B 0W3," 51.027654,-113.984850"
T2E 1N2," 51.069125,-114.057865"
T3N 0R3," 51.167823,-113.952269"
T2Y 5B1," 50.920085,-114.102444"
T2P 5N4," 51.052567,-114.075493"
T3C 3N7," 51.039557,-114.093833"
T2E 5J2," 51.077449,-114.055666"
T3H 2Z2," 51.038637,-114.176829"
T3H 2N3," 51.033621,-114.169254"
T3M 1S3," 50.886325,-113.978142"
T2P 5G8," 51.052416,-114.077187"
T2V 0E6," 50.991744,-114.083421"
T2Z 2M1," 50.919772,-113.978928"
T3G 4E4," 51.128378,-114.214022"
T3G 0C2," 51.127436,-114.210921"
T3B 1K7," 51.082542,-114.178576"
T3H 4Y9," 51.024633,-114.192155"
T3R 0R6," 51.182586,-114.151069"
T2B 1G9," 51.036719,-113.971255"
T2W 3Z7," 50.955545,-114.123274"
T2G 0G3," 51.042989,-114.001408"
T2G 3X9," 51.041575,-114.028700"
T3H 5J3," 51.068315,-114.217926"
T2E 2A4," 51.077190,-114.054227"
T3H 5H9," 51.049061,-114.197313"
T2Z 3Y2," 50.923871,-113.959939"
T2R 0R5," 51.039046,-114.075707"
T2J 7H4," 50.944591,-114.066894"
T2A 7T3," 51.044703,-113.923651"
T1Y 4R7," 51.087461,-113.955375"
T2A 7S7," 51.046106,-113.923648"
T2C 0S3," 50.986003,-114.010364"
T1Y 4R2," 51.073335,-113.950380"
T3G 1R8," 51.119582,-114.177031"
T3K 0Y6," 51.161342,-114.073852"
T3J 1E1," 51.098550,-113.953222"
T3J 3K6," 51.106600,-113.931743"
T3P 0R4," 51.181942,-114.102716"
T2E 3W4," 51.059487,-114.050909"
T2G 1S7," 51.058252,-114.165339"
T2Y 4S9," 50.909616,-114.113843"
T3K 6G6," 51.169220,-114.062322"
T2B 1A3," 51.036740,-113.977024"
T2M 4R3," 51.069626,-114.089849"
T2Z 0Z4," 50.923922,-113.925429"
T3L 0B4," 51.112463,-114.248658"
T3J 0A6," 51.122511,-113.929130"
T1Y 4A1," 51.092215,-113.962861"
T2B 1B4," 51.036988,-113.975555"
T2M 0Y9," 51.069534,-114.075030"
T3J 2N6," 51.112539,-113.938502"
T3M 2G7," 50.902900,-113.924354"
T2C 3T2," 50.973174,-114.012551"
T2R 0N3," 51.040370,-114.097269"
T2W 0N4," 50.961332,-114.079732"
T3C 3X7," 51.043041,-114.136272"
T1Y 1M6," 51.071385,-113.941548"
T2B 3V6," 51.018072,-113.977590"
T1Y 6V5," 51.069796,-113.926641"
T3R 0W1," 51.181593,-114.170069"
T2T 4C7," 51.019039,-114.098856"
T2N 4J3," 51.055476,-114.086642"
T3R 0L1," 51.182126,-114.155649"
T3E 1A2," 51.022241,-114.136868"
T3G 1L3," 51.119010,-114.176344"
T2V 0V1," 50.982194,-114.079741"
T3P 1H9," 51.185127,-114.074493"
T2E 4M2," 51.055451,-114.037728"
T3R 0C5," 51.166310,-114.138169"
T2X 0J6," 50.888033,-114.084844"
T2P 0G9," 51.050896,-114.079462"
T3M 1R3," 50.881448,-113.977883"
T2W 2G7," 50.961937,-114.136640"
T2G 5T7," 51.039123,-114.060495"
T2Z 3E7," 50.912439,-113.987561"
T2M 2X4," 51.065620,-114.068534"
T2R 1G9," 51.038622,-114.088972"
T2N 4S8," 51.058258,-114.084776"
T2J 1H2," 50.960592,-114.061887"
T3J 2A4," 51.108896,-113.964819"
T2T 6X9," 51.022507,-114.101053"
T2T 1K3," 51.028694,-114.108372"
T2T 2G3," 51.022152,-114.102146"
T3E 3H4," 51.019777,-114.153013"
T3H 2L8," 51.027299,-114.170404"
T3B 5Z4," 51.085421,-114.261688"
T2P 0G8," 51.050570,-114.077713"
T2R 0H1," 51.042232,-114.087630"
T3E 1J7," 51.007605,-114.108176"
T3H 2L4," 51.056565,-114.166781"
T2K 4C2," 51.119686,-114.063928"
T2W 5T9," 50.938877,-114.135653"
T2Z 0N8," 50.922847,-113.946914"
T3J 0W2," 51.130507,-113.924765"
T3M 3A7," 50.876036,-113.946790"
T3J 0N1," 51.123731,-113.923037"
T1Y 7L2," 51.074725,-113.936032"
T2S 3E7," 51.031366,-114.069681"
T2T 2C1," 51.023308,-114.105811"
T2M 1N5," 51.072213,-114.072877"
T2J 4Y5," 50.940395,-114.034113"
T2W 0M4," 50.963212,-114.094125"
T3N 0N1," 51.168323,-113.968686"
T3H 1G9," 51.050446,-114.170901"
T2X 3J8," 50.886944,-114.027644"
T3L 1P3," 51.117303,-114.219761"
T3G 4K2," 51.127120,-114.208902"
T3R 1M6," 51.159347,-114.145149"
T2T 2M1," 51.017067,-114.107702"
T3M 0V3," 50.885783,-113.953845"
T2X 0T5,None
T3M 0G9,None
T3H 0V4,None
T2P 5N3,None
T3H 4V8,None
T2X 0P4,None
T2W 0J2,None
T2B 1V7,None
T3H 1C8,None
T2X 1Y7,None
T3H 3J7,None
T2X 4C4,None
T3A 0H3,None
T3R 0M3,None
T2X 2E9,None
T3K 4S6,None
T3K 5X8,None
T3G 1Z6,None
T2X 3A4,None
T2Y 5E8,None
T2N 1Z3,None
T2X 0A6,None
T2E 4S1,None
T3E 2P9,None
T2G 1L7,None
T3G 5Y4,None
T3N 0C9,None
T2G 1B5,None
T2H 0V4,None
T3R 0P6,None
T2V 2E9,None
T3M 2L7,None
T2Z 4R2,None
T2B 3K3,None
T3G 6B1,None
T3H 5H3,None
T3E 6M3,None
T3J 1K4,None
T2V 5E4,None
T3M 1T2,None
T3G 4M5,None
T2T 2P3,None
T3L 1P9,None
T2N 2Y8,None
T2M 0N5,None
T3E 5G8,None
T3A 2M9,None
T2E 1C7,None
T2R 0J6,None
T2E 4G9,None
T3B 0Z9,None
T2J 6J2,None
T2A 2G1,None
T3M 1H6,None
T1Y 4L1,None
T3N 0R1,None
T3E 4Z5,None
T3H 4X5,None
T3K 3E5,None
T2Z 0E3,None
T3K 3P3,None
T2N 1Y8,None
T2H 0Z7,None
T3R 0P5,None
T3K 3T2,None
T3B 4R8,None
T3M 0M7,None
T2J 3P5,None
T2B 1V9,None
T3A 5E7,None
T2A 6N1,None
T3K 0H3,None
T3M 3C1,None
T2V 4Y6,None
T3M 2V1,None
T2P 5K4,None
T2Y 3S8,None
T2T 3X8,None
T3E 2W8,None
T2Z 0X3,None
T1X 1A6,None
T2J 1H5,None
T3E 5R3,None
T3H 4K2,None
T2B 3J8,None
T2G 4K5,None
T2B 3G8,None
T3N 0P9,None
T2V 0H1,None
T3L 0C8,None
T2J 1Z3,None
T2J 0X2,None
T3G 3S5,None
T2E 4G1,None
T2Z 4G3,None
T3B 2B1,None
T2Z 4P7,None
T2P 3R8,None
T3E 4K1,None
T2J 5B1,None
T3M 1Y9,None
T2A 2M4,None
T3K 2X9,None
T3H 1B1,None
T3P 0M4,None
T3H 3K8,None
T2T 4A2,None
T2Z 4R1,None
T2W 4V6,None
T2Z 4Z3,None
T2G 5P9,None
T3M 2S1,None
T2K 0G5,None
T2Z 4J9,None
T3L 2K2,None
T2Y 3S1,None
T2C 4C3,None
T2V 0E2,None
T3E 1Z5,None
T2A 7P6,None
T2E 0V5,None
T2W 6C1,None
T3B 0P3,None
T2V 1K6,None
T2S 2G5,None
T2P 0S7,None
T3A 1C8,None
T3K 6E6,None
T3J 3R1,None
T3C 3C7,None
T2Y 0C5,None
T2J 4L4,None
T2S 0L1,None
T2T 0R1,None
T3M 0N2,None
T3M 2J5,None
T3L 1Z7,None
T3B 0R8,None
T3R 0S5,None
T2Z 0C1,None
T2Z 0Y1,None
T3K 4X3,None
T2L 1L3,None
T3C 0T9,None
T2B 1C6,None
T3B 1Z2,None
T3G 3N6,None
T3C 0R2,None
T3M 1C8,None
T3P 1J7,None
T2A 7L1,None
T3K 0W8,None
T2A 2W4,None
T2Y 2V2,None
T2E 5P2,None
T2P 5P6,None
T3J 4Z9,None
T2B 3L4,None
T3G 0G3,None
T3R 0W2,None
T3L 2H1,None
T2E 1A8,None
T3K 5C2,None
T3K 6B7,None
T2X 2M3,None
T2Z 0G3,None
T2R 0P4,None
T2J 4S4,None
T3B 2V9,None
T2R 0P6,None
T2X 2C3,None
T2Z 1H2,None
T3B 0H1,None
T3A 4Z8,None
T3K 5R7,None
T2Z 1M3,None
T3G 4N3,None
T2B 1A4,None
T3P 1L8,None
T2S 0M4,None
T2J 4Z4,None
T3K 3G3,None
T3K 5Z1,None
T2K 3R1,None
T3B 4V7,None
T3A 5M4,None
T2T 3Y8,None
T3H 0C8,None
T2N 2V1,None
T3M 1E2,None
T2T 4C5,None
T3E 4L2,None
T2E 2K2,None
T2J 3E9,None
T2Z 1E4,None
T3H 4Z1,None
T2J 6R2,None
T2Y 3T3,None
T2B 1L5,None
T3H 0X1,None
T2T 1P6,None
T2T 4J1,None
T2T 1H5,None
T1Y 6S5,None
T2P 0E6,None
T3C 0T1,None
T2Z 4W5,None
T2V 3G1,None
T2M 4X8,None
T3H 0T8,None
T2Y 5H1,None
T2K 0W6,None
T2J 7J4,None
T3G 1P2,None
T3G 0E6,None
T3H 3B5,None
T3B 4J5,None
T2Y 3K4,None
T2R 1J7,None
T3K 5N1,None
T3J 4A2,None
T3C 1A2,None
T3G 4B5,None
T2A 5Z7,None
T3C 1L2,None
T3B 5C4,None
T2L 0Y2,None
T2T 2B9,None
T2Y 4J4,None
T3C 2H5,None
T2X 2M7,None
T2V 4C4,None
T2J 0H9,None
T2K 1K6,None
T2B 3C2,None
T2E 1P8,None
T3A 5Y4,None
T2V 0G8,None
T3H 5X4,None
T3H 0Y4,None
T3G 3C9,None
T3M 2B4,None
T2N 3M8,None
T3H 3N1,None
T3A 0C7,None
T2T 0L3,None
T2Y 0A1,None
T3G 3H4,None
T3B 0Y5,None
T3M 2V3,None
T2E 0N4,None
T1Y 4Z2,None
T3H 4Y8,None
T2A 5P9,None
T2Z 4R7,None
T3G 4N9,None
T3R 1N3,None
T2T 1E7,None
T3M 0A5,None
T2P 5G4,None
T3C 2Z1,None
T2J 0Z1,None
T3B 2T2,None
T3E 4Z6,None
T3P 0M8,None
T2G 1S2,None
T3E 2X4,None
T2W 4E6,None
T1Y 5H9,None
T1Y 1R8,None
T3C 0N3,None
T2Y 1A6,None
T2N 1E1,None
T2X 0A4,None
T3A 5T1,None
T3H 2L2,None
T2R 0J5,None
T3B 0S6,None
T3P 0P5,None
T2W 2S6,None
T3K 0T1,None
T2K 0E1,None
T3J 3L8,None
T2C 4B2,None
T3N 0S8,None
T2A 0C2,None
T2N 1N3,None
T3H 3L1,None
T3R 0V2,None
T3A 4X4,None
T2W 5P8,None
T1Y 3H7,None
T2J 2C4,None
T3H 0J4,None
T2V 3Z7,None
T3K 5A2,None
T2G 1K6,None
T3C 1T1,None
T3C 0Z8,None
T2S 1B1,None
T3J 3B4,None
T2S 2E9,None
T2E 0L2,None
T2S 0W5,None
T2V 4Y8,None
T2R 1S2,None
T3A 2C9,None
T2B 3R6,None
T3E 1X5,None
T3K 4G4,None
T2Z 0Z5,None
T3B 4X7,None
T2H 1E7,None
T3C 3X5,None
T2Z 1K1,None
T2G 0S7,None
T2M 2W4,None
T2X 4E1,None
T2T 1H7,None
T2W 0J7,None
T3K 5W6,None
T2X 3G4,None
T1Y 7J3,None
T3C 1R8,None
T3N 0R8,None
T3H 1T7,None
T2A 1G5,None
T2G 1E1,None
T3M 1Z2,None
T2M 3B4,None
T3M 1A8,None
T2K 2G3,None
T3A 4G4,None
T2Z 0Y7,None
T3H 5J7,None
T2S 2G1,None
T3H 1R7,None
T2M 4E4,None
T3B 6B6,None
T1Y 3W3,None
T2M 1M2,None
T2T 2B7,None
T2T 2N8,None
T2G 4Z9,None
T2Z 1B7,None
T3B 0P4,None
T3J 0M1,None
T3H 0N1,None
T2A 5E4,None
T2T 4M8,None
T2J 6V9,None
T2E 0M9,None
T2N 1C9,None
T3M 2T2,None
T2B 1T3,None
T3H 6A7,None
T2Z 2Z4,None
T2Z 1J7,None
T2Y 2Y6,None
T3M 3C8,None
T3B 5L5,None
T2E 0Y6,None
T3R 0C1,None
T2X 3S7,None
T2M 2T6,None
T2Z 1A2,None
T2Z 4M7,None
T3H 2E9,None
T2V 3W5,None
T2R 1S6,None
T3H 5T4,None
T2J 2M3,None
T3M 2H6,None
T2E 0P9,None
T3L 2X7,None
T3G 4W3,None
T3H 4G2,None
T3K 2E8,None
T3E 1W3,None
T3B 1W7,None
T2X 3L9,None
T2W 5R4,None
T3H 2Y7,None
T3C 1N2,None
T3R 0V1,None
T2X 0H6,None
T2X 4G1,None
T2T 2N2,None
T3R 1K8,None
T2Y 0L6,None
T3G 3K8,None
T2M 1H7,None
T3H 0T7,None
T3E 5N6,None
T3B 5B6,None
T2T 1S2,None
T2K 5W9,None
T2N 0R5,None
T3K 0V9,None
T3G 4K3,None
T3E 3G4,None
T2N 4G5,None
T3E 5W8,None
T2T 5S3,None
T3J 4K9,None
T3E 1K8,None
T3K 4V6,None
T3A 2C5,None
T2X 1K4,None
T3M 2C4,None
T2Y 0C6,None
T3B 2E5,None
T3P 1K6,None
T2E 1T3,None
T3B 1M2,None
T2K 2X4,None
T3K 4W8,None
T3K 4V3,None
T2A 3B4,None
T3H 3A7,None
T2N 2K7,None
T3H 0N3,None
T2E 4P6,None
T3H 6A2,None
T3E 3J9,None
T2W 6H4,None
T3C 0X7,None
T3K 0M4,None
T2M 4R1,None
T2V 1S2,None
T3M 0R6,None
T3L 2S7,None
T3K 1S9,None
T2T 5P8,None
T3B 0A7,None
T3L 1X7,None
T2R 1E3,None
T2L 0H3,None
T2Y 4B6,None
T3E 2C4,None
T2L 2L6,None
T2J 0X3,None
T3P 0L8,None
T2S 2V8,None
T3M 2J2,None
T3M 2W8,None
T2E 1H1,None
T2A 3M8,None
T3E 5Y3,None
T3C 3K9,None
T3G 5X1,None
T2H 1P6,None
T3M 2X7,None
T3K 6C4,None
T2T 2V3,None
T3G 4B8,None
T3N 0P5,None
T2Z 2H2,None
T2E 1V2,None
T2K 3T3,None
T3L 0C4,None
T2W 5J9,None
T3H 5C8,None
T3H 5X8,None
T3C 2Y8,None
T2S 0M2,None
T3M 0E1,None
T2A 4H1,None
T3E 2L2,None
T2P 0C3,None
T3K 1Z1,None
T2L 0G9,None
T3G 5W8,None
T2Z 0C4,None
T3N 0B1,None
T2E 4C7,None
T2X 4E6,None
T3M 2H1,None
T2Z 2M4,None
T2Y 0C9,None
T3G 4L7,None
T3G 5B3,None
T1Y 5L8,None
T3B 6C5,None
T3R 0W8,None
T3M 0X3,None
T2E 4N2,None
T3H 1Y1,None
T3E 6P4,None
T2M 4M7,None
T2Z 3R4,None
T3H 0Y9,None
T3G 3R9,None
T2S 0X9,None
T3K 0W5,None
T3N 0T6,None
T2X 0J4,None
T3H 5S3,None
T3H 3J3,None
T2X 4A6,None
T3A 6B4,None
T2V 5J8,None
T2A 7Z2,None
T3K 4S5,None
T2Y 4B1,None
T2Z 3X7,None
T2X 0N5,None
T3J 3B9,None
T2X 0Y1,None
T2X 3Z5,None
T2S 0A9,None
T2X 4A5,None
T2Z 2J5,None
T2R 1B5,None
T2X 3H4,None
T3B 3M1,None
T3R 0Y1,None
T2X 4L3,None
T3N 0T8,None
T3J 5K4,None
T2A 4G4,None
T3M 1V8,None
T3M 1B9,None
T3C 1T8,None
T2G 3V3,None
T3M 2S5,None
T2V 4T5,None
T3K 3R5,None
T2Z 4G2,None
T2Z 4P3,None
T2E 9C4,None
T3B 5X4,None
T2P 4X2,None
T2Z 3N8,None
T3E 1Z3,None
T2J 1B6,None
T3K 0K2,None
T3R 1V5,None
T2K 6J4,None
T3R 0E8,None
T2J 4K2,None
T2T 2C6,None
T3A 4R6,None
T2E 0B5,None
T3K 2P7,None
T3M 2X6,None
T3M 3E4,None
T3M 2C8,None
T2W 5T5,None
T3J 5H1,None
T2V 5C1,None
T2K 0L9,None
T3H 4X3,None
T2X 0G4,None
T3H 3R6,None
T2L 1N4,None
T2R 0S5,None
T2Y 1G8,None
T2Y 0B5,None
T2G 3P8,None
T3L 0C2,None
T2T 1S7,None
T3K 4A5,None
T3G 5B9,None
T3P 1C1,None
T3H 3K5,None
T3H 0G3,None
T2P 0G7,None
T2M 2S7,None
T3A 2Y1,None
T2E 5C4,None
T2M 1L3,None
T2S 2P8,None
T3M 3E7,None
T2V 2J2,None
T3E 1Y5,None
T3G 0B7,None
T2C 4E2,None
T2K 0K5,None
T3P 1J5,None
T2W 0Y8,None
T3E 7V5,None
T3G 2W4,None
T2T 4S8,None
T3G 5M8,None
T2W 2E7,None
T3H 4V4,None
T3E 7E9,None
T2C 1A9,None
T3K 6A1,None
T2Y 5A1,None
T2C 3R6,None
T2Y 3E7,None
T2V 0N6,None
T3A 1K5,None
T2Y 4W8,None
T3E 4V4,None
T3G 2R9,None
T2Z 2M8,None
T2R 1S5,None
T2X 3K8,None
T3K 2M6,None
T2Z 2J2,None
T3E 3M8,None
T3R 0T3,None
T3H 1V6,None
T3M 1M6,None
T3R 0W6,None
T2X 2L5,None
T3E 3S9,None
T2Y 4H7,None
T2V 0H3,None
T2E 9B3,None
T3N 1S1,None
T2Z 3S3,None
T3A 0M6,None
T3H 4M2,None
T3K 4L6,None
T3B 2H5,None
T2J 0Y7,None
T3J 0Z6,None
T2Z 0H8,None
T3K 2W9,None
T2S 1R3,None
T3B 0E1,None
T2K 1Z5,None
T2T 3M5,None
T3J 0V7,None
T3R 1P3,None
T3K 4T1,None
T3E 3W5,None
T2S 3C9,None
T2X 3X5,None
T3M 2C3,None
T3B 5E6,None
T3H 1E4,None
T2T 3Z2,None
T2R 1R5,None
T2A 0Z4,None
T2T 4G4,None
T2W 0C1,None
T3M 1N2,None
T3E 7H4,None
T3J 5B4,None
T2S 1B6,None
T3B 0S4,None
T3R 0P7,None
T3A 0T5,None
T2R 0W8,None
T2R 0B5,None
T2E 3W5,None
T2W 4K8,None
T2X 3T6,None
T2Z 2B2,None
T2Z 0R3,None
T3K 4K3,None
T3P 0N3,None
T2G 1H7,None
T2Z 3X6,None
T2Y 4X7,None
T3E 5X9,None
T3P 0V8,None
T3K 5B3,None
T3A 1T6,None
T3L 1X9,None
T3C 1X9,None
T3M 2L8,None
T3G 5K6,None
T2X 3S5,None
T3M 1L1,None
T2M 0N4,None
T3E 2Z3,None
T3R 0A9,None
T2Z 0T7,None
T2E 2E2,None
T3H 0J3,None
T2H 3A1,None
T2Z 3H1,None
T2A 4H9,None
T2N 3B1,None
T2Z 1G6,None
T3G 5Z5,None
T3G 5N7,None
T2M 0X1,None
T3M 1K7,None
T3M 2N7,None
T3C 1L8,None
T3H 0E5,None
T2V 2C3,None
T2X 0Y4,None
T2W 0K2,None
T3K 5G3,None
T3B 0R7,None
T2M 2S8,None
T3M 2V9,None
T2T 1R1,None
T2B 2W5,None
T3H 5S9,None
T2S 0C9,None
T3M 0E6,None
T3C 1Z3,None
T2T 2C8,None
T3L 2C4,None
T2W 4T4,None
T2V 4X1,None
T3G 1L8,None
T3G 3W1,None
T2S 2T3,None
T2T 4A3,None
T3J 0N5,None
T3E 8A5,None
T2Z 4N7,None
T3H 3L8,None
T1Y 4B5,None
T3A 4M9,None
T2V 4N5,None
T3C 0X1,None
T3A 6A5,None
T3B 5N7,None
T3R 0N3,None
T2E 7Y1,None
T2Y 0J7,None
T2N 1A7,None
T2V 3Y8,None
T2T 1T6,None
T2Z 1E7,None
T3E 5E9,None
T2T 4S1,None
T3H 0E6,None
T3H 3V7,None
T3R 0V7,None
T3N 1G4,None
T2N 3C8,None
T2H 0X2,None
T1Y 4W2,None
T2S 1P4,None
T2X 3B7,None
T3H 1S9,None
T3G 5Y8,None
T3A 2E6,None
T3M 2J9,None
T2N 0C6,None
T2T 0Y4,None
T2K 0Y1,None
T2T 2M8,None
T2A 3H3,None
T2V 0S2,None
T3M 0C3,None
T3G 4J9,None
T3H 5H2,None
T3P 0R8,None
T2J 6A8,None
T2E 3S7,None
T3H 0M1,None
T2W 3E7,None
T3E 7N9,None
T3K 1E6,None
T3A 5W7,None
T2Z 4S1,None
T3H 4N7,None
T3E 4Y6,None
T3L 2Y4,None
T2E 1Y2,None
T2N 2X4,None
T3E 8A2,None
T2E 0S6,None
T3K 0K3,None
T2E 0M4,None
T2G 4N5,None
T2Z 4N1,None
T3E 1V8,None
T2E 0H7,None
T3B 1H5,None
T2A 7X8,None
T3H 2L9,None
T2H 3B3,None
T2V 2M7,None
T2T 0L5,None
T2M 3X8,None
T3M 1B8,None
T3M 2E8,None
T2K 1L3,None
T2J 0T6,None
T2K 4H1,None
T2B 1J2,None
T3G 3Y3,None
T1Y 4G9,None
T2A 6G4,None
T3B 3Y7,None
T2T 1M8,None
T3A 2X6,None
T2E 4R9,None
T3K 6E7,None
T2A 0C1,None
T2S 3H1,None
T2X 0Y9,None
T2Z 1A3,None
T2N 3Y3,None
T3N 1K6,None
T2M 3K7,None
T2T 5A9,None
T3M 1R6,None
T2A 7T8,None
T2E 0Z4,None
T2R 0R4,None
T3M 2S8,None
T2V 1X5,None
T2V 2P5,None
T3E 3S2,None
T3B 3B3,None
T2Y 2T6,None
T3A 2E5,None
T2N 0H3,None
T2H 0X7,None
T2S 1Z2,None
T2W 3K7,None
T2X 0S8,None
T2J 1M8,None
T2X 1G9,None
T2Z 0M6,None
T2N 4M1,None
T3H 0C2,None
T2K 2C1,None
T2L 2J9,None
T2K 2E8,None
T1Y 5L7,None
T3N 1B7,None
T3M 2C6,None
T3M 2V4,None
T2V 5K5,None
T2N 2W5,None
T2V 3P5,None
T3P 0S1,None
T2R 0V6,None
T2H 1N1,None
T2Y 0M8,None
T2J 6K3,None
T3A 5Y7,None
T2J 3K3,None
T2T 1G6,None
T2Z 0G8,None
T2G 1H8,None
T2T 2R7,None
T2J 3Y9,None
T2X 0G9,None
T2V 0P7,None
T3M 0S7,None
T3R 0V5,None
T3H 4W9,None
T2W 0V7,None
T2J 5Y3,None
T2V 3E3,None
T2R 1S4,None
T3H 3A6,None
T3H 2N5,None
T3N 0L5,None
T3B 5M8,None
T3C 1X7,None
T3M 0G1,None
T3H 4R4,None
T3P 0M5,None
T3J 3Z2,None
T3A 5S7,None
T2Z 0S6,None
T2Z 4Y2,None
T2X 3C1,None
T2N 2C6,None
T2K 1M9,None
T3H 0P6,None
T3H 1V7,None
T2G 5R1,None
T3M 1Y8,None
T3R 0R2,None
T3B 5P9,None
T2W 0M8,None
T3E 3B1,None
T2T 3J9,None
T3A 5J2,None
T3H 3E6,None
T3H 5V5,None
T2N 2X8,None
T1Y 1H8,None
T2T 6M3,None
T2P 5J9,None
T3B 3C4,None
T2V 2H5,None
T2Y 0H7,None
T2S 0Z8,None
T3H 4H2,None
T3B 0B7,None
T3C 3E1,None
T2Z 0S4,None
T2K 4Z7,None
T2A 3N2,None
T2J 0Y1,None
T2E 2J5,None
T2N 2M7,None
T2A 5J8,None
T3N 0A9,None
T2E 1E8,None
T2W 2M9,None
T2M 1R2,None
T3G 3S4,None
T2B 0L4,None
T3M 2E3,None
T3M 0A6,None
T3C 0E1,None
T2L 0W5,None
T2G 0M7,None
T2T 2W2,None
T2E 4Y5,None
T3M 0Z5,None
T2J 1W1,None
T2N 3K5,None
T3K 0W3,None
T3E 2X1,None
T3B 0B4,None
T2X 4N9,None
T2S 0Z3,None
T2J 6R5,None
T2A 6W3,None
T2T 2H1,None
T3H 5N8,None
T2J 2J3,None
T3K 6B6,None
T2X 0P9,None
T3E 3C1,None
T2E 5J1,None
T2E 8W2,None
T2J 6X6,None
T2G 1J1,None
T2E 5V8,None
T3A 5V9,None
T2C 0Y6,None
T2R 0K7,None
T2N 0K8,None
T2W 3K2,None
T3E 2M1,None
T3M 0A7,None
T3R 0M1,None
T1Y 2X6,None
T3J 2Y7,None
T2M 0B4,None
T3M 1Y7,None
T2N 3H7,None
T2W 0N2,None
T3G 1B5,None
T2S 0Y9,None
T3R 0C6,None
T2S 2Z5,None
T2N 4S4,None
T3B 3P3,None
T2S 1Z3,None
T3K 0A9,None
T3J 3L7,None
T2Z 2N8,None
T3B 2B9,None
T2S 2T1,None
T3G 5Y3,None
T2N 4B7,None
T3H 3R2,None
T3C 0V9,None
T2X 3V5,None
T3G 5W7,None
T2R 0M6,None
T3H 3R1,None
T2R 1H4,None
T2E 2H8,None
T3E 7Y3,None
T3H 0T6,None
T2N 1Z4,None
T3E 5Z7,None
T2W 1J6,None
T2E 5J8,None
T2H 0W6,None
T1Y 4E8,None
T2W 4K1,None
T2J 3C1,None
T1Y 4X2,None
T3H 2J9,None
T3S 0A6,None
T1Y 6X6,None
T2Y 1X2,None
T2R 0N9,None
T2Z 0E6,None
T2W 5T6,None
T2M 2E6,None
T2V 3H3,None
T3K 4P9,None
T2R 0S2,None
T3K 1Y7,None
T2J 2R9,None
T2W 0S1,None
T2T 6M7,None
T2W 4G6,None
T3J 4T4,None
T3A 6A2,None
T3B 2C6,None
T3M 2Y3,None
T3B 5P7,None
T2W 2X6,None
T3K 0C7,None
T2A 4Y5,None
T3K 2N1,None
T3E 6A2,None
T3H 5W1,None
T3P 0H9,None
T2V 3V5,None
T3B 0J3,None
T3J 0G1,None
T2E 1A7,None
T3J 5C1,None
T2W 2N5,None
T3G 5R4,None
T2M 2J8,None
T3N 0M9,None
T3N 0B5,None
T3B 4X2,None
T2J 7G6,None
T3H 2M3,None
T2N 3E5,None
T2M 1M1,None
T2J 3W2,None
T3J 0R5,None
T2Z 1E3,None
T2N 1C9,None
T1Y 2Y1,None
T3P 0K3,None
T2J 4X9,None
T3M 2Z5,None
T3K 4P3,None
T2V 5C5,None
T3A 1V5,None
T3J 2A1,None
T2M 0T6,None
T3E 2Y9,None
T1Y 6V6,None
T3B 4T7,None
T2T 3T5,None
T2K 2A2,None
T2K 4C9,None
T3J 1B1,None
T2X 0M6,None
T3B 4T6,None
T3P 0S4,None
T2T 0E9,None
T2G 1T2,None
T3C 1P8,None
T3H 0T4,None
T2E 3Y8,None
T3R 0W4,None
T2R 0N7,None
T2G 0G8,None
T2A 7Z4,None
T3H 5Z5,None
T3G 5T6,None
T3R 1T5,None
T2M 3T7,None
T3L 2C3,None
T3G 5C2,None
T2W 2E9,None
T3H 0T3,None
T3H 3E3,None
T3K 4Z1,None
T2K 2E5,None
T3G 0C6,None
T2A 6Z5,None
T2R 1B4,None
T3A 2C7,None
T3R 0X7,None
T2Y 2W8,None
T3E 5N1,None
T2Z 2E3,None
T2T 1P9,None
T2G 0X8,None
T2N 3C7,None
T3K 0W1,None
T2T 5B9,None
T3A 2B4,None
T3K 5J8,None
T3A 6J5,None
T3E 0S8,None
T2V 3E9,None
T2V 5J9,None
T2J 1N3,None
T3H 2W7,None
T2T 0L4,None
T3E 3A8,None
T2J 7B1,None
T3G 4R7,None
T3K 0G1,None
T3G 5P8,None
T2R 0M9,None
T2J 5H5,None
T1Y 3Z5,None
T2J 0V2,None
T2M 2W1,None
T3M 2V8,None
T3M 0H4,None
T2J 0Y8,None
T3K 5K8,None
T2W 5T8,None
T2Z 2Z5,None
T3C 0X8,None
T1Y 4A3,None
T2K 0H6,None
T2W 4L2,None
T3J 4E8,None
T3M 1S1,None
T2E 7A8,None
T3E 5N5,None
T2T 1R9,None
T2A 7J1,None
T2Y 4T7,None
T3A 2R1,None
T3A 2N4,None
T2E 3W9,None
T2T 6J4,None
T3L 1A2,None
T3R 0G6,None
T3P 0P3,None
T1Y 6T3,None
T3K 0W9,None
T2V 0E9,None
T2T 3W2,None
T2N 1P9,None
T2W 0G6,None
T3J 1K8,None
T2S 1Z8,None
T3B 5V2,None
T3A 4C9,None
T3C 0V1,None
T2L 0T9,None
T2K 1S9,None
T3A 5R7,None
T1Y 4R5,None
T2W 3Y1,None
T2C 3W9,None
T3M 1V3,None
T2T 0H6,None
T2N 3N6,None
T3E 7G7,None
T3J 4E5,None
T2T 1S1,None
T2N 0A7,None
T2M 1C4,None
T3J 4P3,None
T3L 1Z9,None
T2X 0N4,None
T2Z 4P9,None
T3B 3E4,None
T3C 1N6,None
T3H 3G2,None
T2Y 0A8,None
T3E 3S4,None
T3M 0H5,None
T2X 4E7,None
T2T 4V3,None
T3K 0C4,None
T3L 2T4,None
T1Y 5T1,None
T3E 7T2,None
T2Z 1G1,None
T3M 2G5,None
T2T 1H4,None
T3N 1Y8,None
T2N 1R2,None
T2Z 1C8,None
T2X 0T1,None
T3E 4S6,None
T2W 3G3,None
T3H 1S4,None
T3M 2V5,None
T2N 3V5,None
T3C 1T2,None
T2V 0K6,None
T3K 3L4,None
T2E 0H4,None
T2Z 5E3,None
T3E 0H8,None
T3N 0G2,None
T3M 2P1,None
T3J 2Y4,None
T2S 0C5,None
T3K 0J9,None
T3A 2S9,None
T3M 2L3,None
T1T 1T1,None
T3P 0B7,None
T2E 0J9,None
T2Y 1A8,None
T2N 0M9,None
T2Z 1V7,None
T2E 8Y1,None
T3C 3T9,None
T2T 4Y1,None
T2E 1H4,None
T3H 0M9,None
T2X 0L9,None
T3L 2J4,None
T3E 1X6,None
T3N 0P1,None
T3H 0C4,None
T2T 3E8,None
T2N 1G3,None
T2X 0B4,None
T2E 1N8,None
T2W 1S1,None
T2M 0P9,None
T2X 2X6,None
T2L 2L8,None
T3G 5Y9,None
T2S 3G3,None
T3A 2V6,None
T3M 1M3,None
T2Y 3L4,None
T2H 1J4,None
T3B 3B7,None
T3K 0G8,None
T3M 0W1,None
T2M 4A6,None
T3H 2T3,None
T2M 0V6,None
T2H 1N6,None
T2P 5K1,None
T3K 6A3,None
T2S 0E4,None
T2T 4N7,None
T2J 5P9,None
T2T 1M2,None
T3M 2P5,None
T2A 7Z3,None
T2T 4W1,None
T3C 2E9,None
T2X 1Y8,None
T2N 0G9,None
T3M 0A1,None
T2S 2P1,None
T2P 5M5,None
T3C 3H6,None
T2Y 2S3,None
T2E 7X9,None
T3G 1L9,None
T2R 0S8,None
T2C 1B9,None
T3H 2Z6,None
T3G 0E1,None
T2E 2A7,None
T2N 3M5,None
T2T 1E3,None
T3A 2E2,None
T2L 2H2,None
T2V 2W3,None
T2T 4P2,None
T2N 4E4,None
T3E 6T7,None
T2J 7C8,None
T3L 1N3,None
T2Y 2J7,None
T3E 3K8,None
T3C 3G1,None
T3J 2P5,None
T3H 4Y3,None
T3H 4B4,None
T3J 0G5,None
T2Y 3G2,None
T2S 1L1,None
T3K 0E3,None
T3A 0V6,None
T3R 1M1,None
T3M 0T4,None
T3B 0A6,None
T3N 0R7,None
T3E 2A2,None
T2Z 3L3,None
T2T 6H2,None
T2Y 0P6,None
T3B 5N3,None
T2M 2J4,None
T3E 7A2,None
T2T 1T3,None
T2K 5S3,None
T3M 2W1,None
T2S 0H4,None
T3G 4Y8,None
T2V 2V9,None
T3K 2P3,None
T3H 5G4,None
T2W 2M3,None
T2B 1W3,None
T3M 3B8,None
T2M 2V9,None
T2Z 4G1,None
T3K 0V8,None
T2S 0Z2,None
T3E 6G4,None
T2T 4K9,None
T3C 3S9,None
T3P 0Y3,None
T2X 2H7,None
T2G 3Y2,None
T2N 3N7,None
T2V 2B9,None
T3B 5Z8,None
T3C 1L4,None
T2W 3H2,None
T2L 0L3,None
T3H 5B2,None
T3K 5Z3,None
T2C 5P4,None
T2R 1K6,None
T2J 0E4,None
T2A 6P1,None
T3H 2B9,None
T2C 1T8,None
T2R 0B1,None
T3G 5M3,None
T2N 3S8,None
T3H 0L8,None
T2G 1K7,None
T2J 6N6,None
T3G 3X2,None
T3M 1S5,None
T3K 0G2,None
T2E 3T1,None
T3H 0R7,None
T2T 1E9,None
T2Z 4Z4,None
T3H 5K8,None
T3A 0C8,None
T3M 1W3,None
T2L 1N5,None
T2E 0N2,None
T2N 3A9,None
T3B 2N9,None
T3H 5N7,None
T2E 4T3,None
T3E 7R3,None
T2R 0Y9,None
T3J 0N7,None
T3H 3E8,None
T3G 5N5,None
T2T 5H9,None
T2G 5N7,None
T3C 1L1,None
T2V 0T8,None
T2V 0G4,None
T3M 1L9,None
T2Z 1A1,None
T2T 0N2,None
T3J 3N6,None
T2E 3S9,None
T3H 3Y9,None
T3H 5S8,None
T3G 4G8,None
T2W 4H5,None
T2Y 0N2,None
T1Y 6T5,None
T2T 4S3,None
T2G 0T9,None
T3G 5X2,None
T2A 0W6,None
T3H 0X8,None
T3M 2S7,None
T2E 6M1,None
T3N 1K7,None
T3H 4K5,None
T3N 0V6,None
T1Y 4S4,None
X0X 0X0,None
T3G 5Z7,None
T3E 2E8,None
T2A 0L4,None
T3M 0K7,None
T2V 2P8,None
T2E 1N3,None
T2K 5R6,None
T2P 0S9,None
T2N 4Y8,None
T3B 2L4,None
T2T 3N1,None
T2T 3S9,None
T2G 5R5,None
T3M 0P6,None
T2R 0X4,None
T3R 0Y6,None
T3R 0Y6,None
T3G 5G6,None
T2X 1Y9,None
T3M 0C5,None
T3R 0Y7,None
T3R 0H8,None
T2C 5M7,None
T2K 1W5,None
T2E 0W1,None
T3H 1P3,None
T3A 6B9,None
T3J 4M4,None
T2R 0N6,None
T2T 6G2,None
T3E 6M7,None
T3E 2Y9,None
T2N 1C2,None
T3C 3X1,None
T3M 0J1,None
T2G 0X1,None
T2W 2W3,None
T3H 4K9,None
T3P 0G9,None
T3K 0Z3,None
T3H 5Z7,None
T2P 5K2,None
T3P 0W2,None
T2Z 1J5,None
T3R 0T5,None
T3H 0W8,None
T3N 1L1,None
T3M 2E7,None
T2E 5P6,None
T2M 3C2,None
T2V 1S5,None
T3J 1V7,None
T3H 3B8,None
T2Z 0A4,None
T3A 4W6,None
T3N 0H8,None
T3A 5A1,None
T3E 2T1,None
T2J 0W2,None
T3B 4Z8,None
T3M 0M4,None
T2N 0G8,None
T3E 2W1,None
T2T 4P5,None
T2L 1G1,None
T2L 2E5,None
T3G 1H3,None
T3K 5K2,None
T3M 1L7,None
T3H 4L8,None
T3J 5N4,None
T2T 2N3,None
T3K 2G3,None
T2M 0X5,None
T3M 2G1,None
T3P 1C4,None
T3H 3V6,None
T3E 2J8,None
T2N 0P6,None
T2N 3M2,None
T2S 1Y2,None
T3H 0Y7,None
T2X 4E3,None
T2Y 0R1,None
T2R 0R7,None
T2Y 0P9,None
T2Z 2P9,None
T3P 0M3,None
T3H 1V4,None
T2N 0L3,None
T2Z 1E6,None
T2T 6G9,None
T2Y 4S4,None
T2Y 3Y5,None
T3J 0W1,None
T3E 1V3,None
T3E 3J2,None
T3M 0M5,None
T3H 3J4,None
T3K 0G9,None
T2X 3Z3,None
T2G 1E5,None
T3E 5L4,None
T3E 5Y8,None
T2S 1H6,None
T3N 0N6,None
T1Y 6K8,None
T2M 2W2,None
T1Y 3G7,None
T2T 1T7,None
T2A 1X8,None
T2V 5B5,None
T1Y 3E8,None
T3R 0V3,None
T2W 0V3,None
T3P 1L7,None
T2J 1P4,None
T1Y 6K3,None
T2N 1W3,None
T2E 5E3,None
T2P 0E7,None
T3G 0C8,None
T2V 2C5,None
T2T 4L8,None
T2A 1B7,None
T2L 1Z2,None
T2E 2X6,None
T2G 0N6,None
T3A 1W2,None
T2H 1N2,None
T3N 0M8,None
T2Y 1V6,None
T3H 2L3,None
T2Y 2C2,None
T3J 1A7,None
T2V 0G1,None
T2X 3Z7,None
T2S 1T5,None
T2T 3X4,None
T3M 0H3,None
T3K 1X2,None
T2M 0V9,None
T3R 1S2,None
T2T 4L6,None
T3S 0A4,None
T3L 0C1,None
T2B 3C3,None
T3G 1S9,None
T3E 6B1,None
T3H 3C5,None
T3A 0H4,None
T2M 4K1,None
T2A 4J4,None
T2Y 4P1,None
T2Y 3C9,None
T2N 4H7,None
T3A 4Y5,None
T3H 5V9,None
T2R 0Z7,None
T2L 2A1,None
T2J 1N2,None
T3N 1E9,None
T3C 3P7,None
T2N 0C1,None
T2J 0Y6,None
T3G 1K4,None
T2P 5J4,None
T2Y 3B6,None
T3E 1S9,None
T2V 2L2,None
T3H 4V1,None
T2Z 0A2,None
T2V 0L1,None
T2E 2Z8,None
T3A 2M7,None
T3E 1W6,None
T2G 1B7,None
T2K 0C1,None
T3H 4G4,None
T3E 7A5,None
T2N 4J4,None
T3A 5S1,None
T2Z 0R8,None
T3L 1L2,None
T3N 0P7,None
T3M 1R2,None
T2N 2V5,None
T2X 2C4,None
T3P 1N6,None
T2T 6C3,None
T2V 0S4,None
T2T 2L4,None
T2X 0M8,None
T2N 1V5,None
T2P 3T9,None
T3H 0S2,None
T2A 7T9,None
T2Z 0H4,None
T2M 0G9,None
T2S 0K8,None
T2X 2B3,None
T3P 1A9,None
T3H 5E8,None
T3H 3P9,None
T3K 4L4,None
T3G 5J3,None
T3R 0Z7,None
T3H 5X3,None
T3B 0Z4,None
T2B 1V1,None
T2Z 5B6,None
T2S 0J1,None
T3E 2K2,None
T3B 1L5,None
T2T 0G9,None
T2M 3Y1,None
T2E 9C3,None
T3M 3B2,None
T3E 7R5,None
T2K 6H4,None
T2S 2C4,None
T2E 0M2,None
T2C 5L7,None
T2J 1R3,None
T2P 5M9,None
T2E 1Y7,None
T2M 1J9,None
T3H 0Z7,None
T3K 0J1,None
T3E 1W9,None
T1Y 2X7,None
T3E 1Z6,None
T2A 3W4,None
T2E 1R9,None
T2G 1C1,None
T2K 1S5,None
T3H 1W6,None
T2N 0J1,None
T1Y 2M1,None
T3H 0H1,None
T2N 3H6,None
T3E 2C9,None
T3H 0E9,None
T3G 5G3,None
T2R 1C2,None
T3E 5M6,None
T2T 1J4,None
T3J 2S8,None
T3G 3B5,None
T3K 5M4,None
T3G 4A9,None
T3A 3Y2,None
T3H 3W8,None
T3K 1B7,None
T2E 4B6,None
T2G 2Y3,None
T3E 4T2,None
T3H 4T2,None
T2A 3X5,None
T3H 3L7,None
T2K 1M1,None
T3N 0G8,None
T3H 4X9,None
T3E 2L7,None
T3H 3L9,None
T2M 0Y5,None
T3H 4C4,None
T3C 1K8,None
T2X 4K1,None
T2T 0C8,None
T3J 5M2,None
T2S 1T8,None
T3L 1Y3,None
T2T 3J8,None
T3H 3R8,None
T2C 4J8,None
T2T 3H6,None
T3K 4C1,None
T3K 4B9,None
T2V 3C4,None
T2S 0J8,None
T2E 3J3,None
T3L 2Z7,None
T3K 5X5,None
T3G 4B1,None
T3P 0Z5,None
T2L 0P9,None
T2T 5J2,None
T3E 3T8,None
T3H 5N6,None
T2E 0E6,None
T2Z 3V4,None
T2Y 5A8,None
T3R 0G2,None
T3P 0B5,None
T2X 0K1,None
T2S 1R5,None
T3H 4M9,None
T2P 5K3,None
T2L 0S4,None
T2K 0A5,None
T3E 2K5,None
T3M 2T4,None
T3H 0V2,None
T3N 0V5,None
T2N 3R8,None
T2V 0C6,None
T3H 1C4,None
T3H 2V4,None
T3L 0C3,None
T3R 0B1,None
T2S 2R6,None
T2S 0Z1,None
T2X 4A8,None
T3R 0B8,None
T3H 5W9,None
T2T 1N6,None
T3E 4N5,None
T2T 1H3,None
T3N 0G9,None
T3P 0X9,None
T2G 3T2,None
T3M 3A3,None
T3B 0H6,None
T2A 7X2,None
T2A 7V5,None
T2E 8H3,None
T2X 4H2,None
T3E 1W1,None
T2P 0X2,None
T3E 2L5,None
T2Y 0P4,None
T2Y 2G2,None
T2B 3G7,None
T2K 2H6,None
T2E 3Y6,None
T2S 1P7,None
T2T 0R5,None
T2R 0M4,None
T3E 2A7,None
T3H 0Z8,None
T3H 5M2,None
T3A 3H1,None
T1Y 1C5,None
T3C 0X5,None
T2T 4E2,None
T2E 1E2,None
T3S 0A7,None
T2B 1E1,None
T2N 0W8,None
T3N 0R2,None
T2L 1Y3,None
T3H 2V9,None
T3P 0G8,None
T3P 1K4,None
T2V 5E7,None
T2Z 1C1,None
T2V 2S8,None
T2W 2W7,None
T2W 2L9,None
T2T 6K7,None
T3H 5H7,None
T2T 4V1,None
T2E 5H9,None
T3G 4G7,None
T2Y 2T9,None
T2T 0K3,None
T3K 0C5,None
T3K 5C5,None
T2M 1C2,None
T2B 0Y7,None
T3R 1V2,None
T2K 1P2,None
T3B 6C4,None
T3K 0G4,None
T2N 0Z6,None
T3E 6T9,None
T3B 3Y4,None
T2T 2S9,None
T1Y 6N5,None
T2W 3V1,None
T2P 5N6,None
T3H 5N5,None
T2H 0Y9,None
T2X 2B9,None
T2R 1L2,None
T3M 1R8,None
T3A 4R7,None
T2T 0X7,None
T3H 1B8,None
T2Y 5C9,None
T3C 2H2,None
T3B 1M9,None
T2T 2Y5,None
T2Z 1C9,None
T3B 2G4,None
T3R 0W3,None
T3C 1L6,None
T3R 0W7,None
T2E 5B9,None
T2E 2C6,None
T3H 5K9,None
T2X 2W5,None
T2N 0T8,None
T3E 7S2,None
T3K 0P6,None
T2S 0R4,None
T3H 0X5,None
T3H 1S2,None
T2T 0T1,None
T2T 2L5,None
T3L 0B7,None
T2W 1Z4,None
T3N 1M5,None
T2A 5E6,None
T3N 1M6,None
T2Z 0J6,None
T2E 2C5,None
T3B 0N7,None
T2G 2V4,None
T2V 2C5,None
T3G 0G1,None
T2Z 2S4,None
T2V 2B1,None
T1Y 6Y2,None
T3K 6C5,None
T3B 1H1,None
T2R 0H8,None
T2E 6X3,None
T3N 0E1,None
T3M 1S9,None
T2E 0V7,None
T2Z 3T3,None
T2N 3L4,None
T2T 4V2,None
T3C 0M9,None
T3R 0J6,None
T2T 4M6,None
T2E 3H1,None
T2G 3P9,None
T2X 4C2,None
T3K 5C6,None
T2K 1L5,None
T2T 2S8,None
T2C 1B7,None
T3H 6B6,None
T2M 0S2,None
T3P 1M8,None
T2X 4E9,None
T2X 0N2,None
T2V 5J2,None
T2N 0C4,None
T2T 1W7,None
T3C 0P1,None
T2N 3J7,None
T3H 0R9,None
T3E 7M7,None
T3B 6G6,None
T2A 1C7,None
T3M 2R1,None
T2Y 4P5,None
T2S 2C3,None
T2K 2A8,None
T2X 2G2,None
T3K 0Z4,None
T3M 1Y1,None
T3R 1K1,None
T3R 1R9,None
T3K 3L1,None
T2T 0Y9,None
T1Y 1B7,None
T3C 1V3,None
T3M 2H8,None
T3M 2X3,None
T2X 3C9,None
T3N 1G5,None
T2W 3L6,None
T2A 2P7,None
T3H 1B2,None
T3E 6H3,None
T3K 0M1,None
T2T 0T3,None
T3H 0E3,None
T3E 2K3,None
T3E 2H7,None
T2T 0Y7,None
T2E 0E8,None
T2Y 4V7,None
T2A 5P7,None
T3K 0N2,None
T2T 3J7,None
T2X 0N9,None
T3B 6H3,None
T3L 2V6,None
T3R 1J1,None
T2N 1T9,None
T2E 1V5,None
T3R 0R4,None
T3H 3N7,None
T3B 2P7,None
T3E 4S2,None
T2M 0P7,None
T2X 0V3,None
T2A 3N7,None
T2M 1L7,None
T2Y 4X8,None
T2S 2K4,None
T2P 0W3,None
T2L 0P7,None
T2E 3H3,None
T2E 3H7,None
T2Y 2N8,None
T3H 0S3,None
T2N 0E8,None
T3N 0S4,None
T3H 4V2,None
T2N 2M1,None
T2V 2V6,None
T2T 2P5,None
T3R 0Y4,None
T2E 2V4,None
